{
    "test_ANIM": {
        "f1": 0.7332134292565947,
        "number": 3208,
        "precision": 0.7061200923787528,
        "recall": 0.7624688279301746
    },
    "test_DIS": {
        "f1": 0.7392696989109544,
        "number": 1518,
        "precision": 0.7194513715710723,
        "recall": 0.7602108036890646
    },
    "test_LOC": {
        "f1": 0.9925987525987527,
        "number": 24048,
        "precision": 0.9925162148677865,
        "recall": 0.9926813040585496
    },
    "test_ORG": {
        "f1": 0.9742353472954648,
        "number": 6618,
        "precision": 0.9714543269230769,
        "recall": 0.9770323360531883
    },
    "test_PER": {
        "f1": 0.9911806543385492,
        "number": 10530,
        "precision": 0.9897727272727272,
        "recall": 0.9925925925925926
    },
}
